Almaaf Bader Ali A,Jian-Jun Miao,Quang-Dung Tran
Ramakrishna Bairi,Ambha A,Ganesh Ramakrishnan
Arun Kumar A,Ninan Sajeeth Philip,Vincent J. Samar,James A. Desjardins,Sidney J. Segalowitz
Christian G. Riera A,Dai Senoo,Junichi Iijima
Dang Quang A,Tran Dinh Hung
Dang Quang A,Nguyen Van Thien
Dang Quang A,Vu Vinh Quang
David Hundely A
Duo A,Wenji Zhao,Xinyuan Qu,Ran Jing,Kai Xiong
Varsha Shirwalkar,Dwarakanath T. A,Gaurav Bhutani
Geetha Kiran A,Murali S
Ibrahim M. W. A,Saunders J. R.,Walied A. Moussa
Dora M. Ballesteros L,Juan M. Moreno A
Dhalia Sweetlin J,Khanna Nehemiah H,Kannan A
Khaled A
Shahid Mehraj Shah,A. Krishna Chaitanya,Vinod Sharma
Krishna Chaitanya A,Utpal Mukherji,Vinod Sharma
Shahid Mehraj Shah,Krishna Chaitanya A,Vinod Sharma
Krishna Chaitanya A,Vinod Sharma,Utpal Mukherji
A. Krishna Chaitanya,Utpal Mukherji,Vinod Sharma
Bo Zhang,Liya A,Shao Li,Zhongyu Xu
Mani A,Rebeka Mukherjee
Manoj A,Arun Pachai Kannu
Manoj Prasad A,Muthuselvam Selvaraj,Sriganesh Madhvanath
Chunyoung Oh,Masud M. A
Min A,John D. Reeve,Mingqing Xiao,Dashun Xu
Mohamed Imran A,Kowsalya M
Shamala S,Sangeetha T,Moqry A
Mushtaque Ahamed A,Snehanshu Saha
Nguyen Q. A,László Györfi,James L. Massey
Nguyen Quang A
Koushik Sinha,Geetha Manjunath,Raveesh R. Sharma,Viswanath Gangavaram,Pooja A,Deepak R. Murugaian
r e a
Manecius Selvakumar Joseph,A. A. Atmanand,Ramadass G. A,Ramesh Raju,Jayakumar V. K.
Ogunduyile O. O,Zuva K,Randle O. A,Zuva T
Rong Na A,Koichi Mori,Naomi Sakai
Delphin Sonia M,John Robinson P,Sebastian Rajasekaran A
Senthilarasi M,Md Mansoor Roomi S,Sheik Naveedh A
Sherin M. A,Arun Kumar V,Prasanth P,Raja Vasudevan,Shamshudeen J
Shweta M. A,Nimmy John,Rahul Raj C. P
Angelika I. Kokkinaki,S. Mylonas,Thrassou A,L. Economon,I. Kountouris,P. Panayiotou
Binny Mathew,Unnikrishnan E. A,Tanmoy Chakraborty,Niloy Ganguly,Samik Datta
Dinkar Sitaram,H. L. Phalachandra,Anush Vishwanath,Pramod Ramesh,Meghana Prashanth,Akshay G. Joshi,Anoop R. Desai,Harikrishna Prabhu C. R,Prafulla,Shwetha R,Yashaswini A
Jian Chang,Jian-Liang Wu,Yong-Ga A
Jian Chang,Huijuan Wang,Jian-Liang Wu,Yong-Ga A
Ricardo Garcí,Carlos Sáez,Verónica Muñoz-Soler,Ricardo García-de-León-González,Juan M. García-Gómez a-de-León-González
Enoch A-iyeh,James F. Peters
Karla Otiniano-Rodríguez,Edward J. Y. Cayllahua Cahuina,A. Araujo de A.,Guillermo Cámara Chávez
Aadhityan A.
Yusuf Kurniawan,Adang Suwandi A.,M. Sukrisno Mardiyanto,Iping Supriana,Sarwono Sutikno
Seyyed Mostafa Mirkhalili,Ahmad Ramazani S. A.,Saeed Nazemidashtarjandi
Yousef Tamsilian,Ali Nejad Ebrahimi,Ahmad Ramazani S. A.,Himan Abdollahzadeh
Mohamed Ali,Hamza Ali,Ting Zhong,Fagen Li,Zhiguan Qin,Ahmed Abdelrahaman A. A.
William F. Bond,Ahmed Awad E. A.
Ajay Kumara M. A.,Jaidhar C. D.
Akilez Krishnamurthy A.,Madhu N. Belur,Debraj Chakraborty
Roberto Revetria,Alessandro Catania A.,Lucia Cassettari,Guido Guizzi,Elpidio Romano,Teresa Murino,Giovanni Improta,Hamido Fujita
Roberto Revetria,Alessandro Catania A.,Barbara Catania,Bruno Filippo Mazzarello
Giovanni Improta,Maria Triassi,Guido Guizzi,Liberatina Carmela Santillo,Roberto Revetria,Alessandro Catania A.,Lucia Cassettari
Alessandro Catania A.,Roberto Revetria,Francesca Oliva,Lucia Cassettari
Edgar Serna M.,Alexei Serna A.
Amir Homayoun Javadi A.,Puyan Mojabi
Anusha A.,Sanjay Singh
Naseer Ahmed,Anwar M. A.,Abdurahem Mohammed Al Ameen
Ciro Donalek,S. George Djorgovski,Ashish Mahabal,Matthew J. Graham,Andrew J. Drake,Arun Kumar A.,N. Sajeeth Philip,Thomas J. Fuchs,Michael J. Turmon,Michael Ting-Chang Yang,Giuseppe Longo
Ciro Donalek,Arun Kumar A.,S. George Djorgovski,Ashish Mahabal,Matthew J. Graham,Thomas J. Fuchs,Michael J. Turmon,N. Sajeeth Philip,Michael Ting-Chang Yang,Giuseppe Longo
Athira Ram A.,Jyothis T. S.
Avelin Diana A.,K. Sundarakantham,S. Mercy Shalinie,Rajendran L.
Belal Mohammad Zaqaibeh,Firas Ali Albalas,Awajan W. A.
Srinivasa K. G.,Anil Kumar Muppalla,Bharghava Varun A.,Amulya M.
Bisharathu Beevi A.,S. Ramaiyer
Burhanuddin Mohd A.,Sami M. Halawani,A. R. Ahmad
Carlos A. Vega A.,Juan A. Chica U.
Chinmayananda A.,Saket D. Buch,B. Sundar Rajan
Carlos A. Lozano,Carlos Toro B.,David Castaño A.
Libardo A. Londoño C.,Daniel Horfan Álvarez,Juan E. Arroyave Z.,Dayro G. Longas A.
Dinesh Kumar A.,Shahul Hammed,Hanah Ayisha V. Hyder Ali,Vigneshwar Manokar
Lidia Prudente Tixteco,Eleazar Aguirre A.,Alba F. Moreno Hdez.,Ruben J. García V.
Escoto Sotelo E. A.,Tomoaki Nakamura,Takayuki Nagai,Escamilla Hernandez E.
Fabio Arciniegas A.
Farnaz Nojavan A.,Song S. Qian,Craig A. Stow
Srinath Srinivasa,Martin Maier,Mandar R. Mutalikdesai,Gowrishankar K. A.,Gopinath P. S.
Rodolfo A. Pazos Rangel,Graciela Vázquez A.,José Antonio Martínez Flores,Joaquín Pérez Ortega,Gilberto Martínez-Luna
Rodolfo A. Pazos Rangel,Graciela Vázquez A.,José Antonio Martínez Flores,Joaquín Pérez Ortega
Rodolfo A. Pazos Rangel,Graciela Vázquez A.,Joaquín Pérez Ortega,José Antonio Martínez Flores
Susana Alexandra Arias Tapia,Rafael Martínez-Tomás,Héctor F. Gómez A.,Víctor Hernández del Salto,Javier Sánchez Guerrero,J. A. Mocha-Bonilla,José Barbosa Corbacho,Azizudin Khan,Veronica Chicaiza Redin
Héctor F. Gómez A.,Susana Alexandra Arias Tapia,Silvia Elena Malo Martínez,Víctor Hernández del Salto,Javier Sánchez Guerrero,Adriana Romero Reinoso
Héctor F. Gómez A.,Rafael Martínez-Tomás,Susana Arias Tapia,Víctor Hernández del Salto,Javier Sánchez Guerrero,J. A. Mocha-Bonilla,Patricio Ortiz Ortiz,David Castillo Salazar,Judith Nuñez Ramirez,Cristina Páez Quinde
Héctor F. Gómez A.,Rafael Martínez-Tomás,Susana Arias Tapia,Antonio Fernández-Caballero,Sylvie Ratté,Alexandra González Eras,Patricia Ludeña González
Héctor F. Gómez A.,Rafael Martínez-Tomás,Susana Arias Tapia,Mariano Rincón-Zamorano
Susana Arias Tapia,Sylvie Ratté,Héctor F. Gómez A.,Alexandra González Eras,José Barbosa Corbacho,Juan Carlos Torres,Ruth Reátegui Rojas,Priscila Valdiviezo Díaz,Franco Guamán Bastidas,Guido Eduardo Riofrío Calderon,Juan Manuel García Samaniego
Héctor F. Gómez A.,Rafael Martínez-Tomás,Susana Arias Tapia
Henry Merino A.,Celso de Almeida,Carlos E. Camara
Eric Goles Ch.,J. Olivos A.
Brunil Dalila Romero Marino,Hisham M. Haddad,Jorge E. Molero A.
José L. Uribe A.,Adith Perez
Gustavo Xavier Chafla,Fco. Rodriguez Clavijo,Juan Fco. Chafla A.
Ashwin C. S.,Harihar V.,Karthick G.,Karthik A.,Rangarajan K. R.
Krishna Murthy A.,Suresha,K. M. Anil Kumar
K. H. Jeeja,Keerthi K.,Lakshmi A.,Shantala S. H.,Jothy Soman,P. S. Sura,Valarmathi N.
Zoghbi J. M.,De La Cruz L. T.,Galarreta M. A. G. V.,Marcel P. Jackowski,Vieira J. C. F.,Liberatore A. M. A.,Koh Ivan H. J.
D. Andriyanto,D. Tarsono,A. Ahmad,M. Zamzuri,Z. Manaf,M. Najib A.
Madhukar Rao A.,K. Sivakumar
Manish Manori A.,Manish Maheshwari,Kuldeep Belawat,Sanjeev Jain,P. K. Chande
Jilt Sebastian,Manoj Kumar P. A.,Hema A. Murthy
Mauricio Tejo A.
Naive Angulo H.,José Sanz,Victor Malavé,Mireya Barrera A.,Heriberto Spinetti,Pablo Guillén
B. U. Aishwarya,Mohammed Saaqib A.,Rajashree H. R.,Vigasini B.
Fernando Ruette,Anibal Sierraalta,Morella Sánchez,Ney Luiggi A.
Ney Luiggi A.
F. Pabel J. Machado,Ney Luiggi A.
Diego Subero,Ney Luiggi A.
M. Gómez,Ney Luiggi A.
Keily Gutiérrez,Jesús Rodríguez,Yosslen Aray,Ney Luiggi A.
Joaquín Pérez Ortega,Rodolfo A. Pazos,Juan Frausto Solís,Laura Cruz Reyes,Héctor J. Fraire H.,Elizabeth Santiago D.,Norma E. Garcia A.
Novino Nirmal A.,Kyung-Ah Sohn,Tae-Sun Chung
Carlos Aguilar Ibáñez,Oscar Chavoya A.
Narayana G. Ramesh Babu G. V.,Padmavathamma M. Sulaiman A.
Parkavi A.,N. Vetrivelan
Miguel Salicru,Pedro Sanchez A.
Pal M. K.,Porwal A.
Aditya Gopalan,Prashanth L. A.,Michael Fu,Steve Marcus
Prashanth L. A.,Mohammad Ghavamzadeh
Prashanth L. A.,H. L. Prasad,Shalabh Bhatnagar,Prakash Chandra
Xiaowei Hu,Prashanth L. A.,András György,Csaba Szepesvári
D. Sai Koti Reddy,Prashanth L. A.,Shalabh Bhatnagar
Prashanth L. A.,Cheng Jie,Michael Fu,Steve Marcus,Csaba Szepesvári
Shalabh Bhatnagar,Prashanth L. A.
Prashanth L. A.,H. L. Prasad,Nirmit Desai,Shalabh Bhatnagar,Gargi Dasgupta
Nathaniel Korda,Prashanth L. A.,Rémi Munos
H. L. Prasad,Prashanth L. A.,Shalabh Bhatnagar
Nathaniel Korda,Prashanth L. A.
Prashanth L. A.,Shalabh Bhatnagar
Prashanth L. A.,Cheng Jie,Michael Fu,Steve Marcus
Prashanth L. A.,Abhranil Chatterjee,Shalabh Bhatnagar
Prashanth L. A.
Raphael Fonteneau,Prashanth L. A.
Prashanth L. A.,Nathaniel Korda,Rémi Munos
Prashanth Lakshmanrao Ananthapadmanabharao,Horabailu Laxminarayana Prasad,Nirmit Desai,Shalabh Bhatnagar
Prashanth Lakshmanrao Ananthapadmanabharao,Abhranil Chatterjee,Shalabh Bhatnagar
Prashanth L. A.,H. L. Prasad,Nirmit Desai,Shalabh Bhatnagar,Gargi Banerjee Dasgupta
Prashanth L. A.,K. Gopinath
Nikolaus Klemmer,S. Akhtar,V. Srinivasan,P. Litmanen,Himanshu Arora,Satish Uppathil,Scott Kaylor,A. Akour,V. Wang,M. Fares,F. Dulger,A. Frank,D. Ghosh,S. Madhavapeddi,H. Safiri,J. Mehta,A. Jain,H. Choo,E. Zhang,Charles K. Sestok,C. Fernando,Rajagopal K. A.,S. Ramakrishnan,V. Sinari,V. Baireddy
Ramesh A.,Anusha J.,Clarence J. M. Tauro
Nawal Ait Aali,Younes El Bouzekri El Idrissi,Amine Baïna,Loubna Echabbi
Mohammad Shams Esfand Abadi,Sahar Nikbakht Aali
Muzahim Al-Mukhtar,Ali Chaaba,Mustapha Atki,Rachida Mahjoubi,Remi Deleplancque,Kevin Beck,Xavier Brunetaud,Romain Janvier,Khalid Cherkaoui,Issam Aalil,Dalal Badreddine,Ayda Sakali
G. Aalipour,Saieed Akbari,Reza Nikandish,Mohammad Javad Nikmehr,F. Shaveisi
Mojgan Aalipour,Yonas Zewdu Ayele,Abbas Barabadi
Mojgan Aalipour,Abbas Barabadi
Abbas Barabadi,Mojgan Aalipour
G. Aalipour-Hafshejani,Saieed Akbari,Z. Ebrahimi
Kai von der Aa,Uli Häfele
L. C. Rietveld,A. W. C. van der Helm,K. M. van Schagen,L. T. J. van der Aa
S. B. Luitjens,M. W. Blum,B. M. de Boer,W. F. J. Fontijn,M. A. H. van der Aa
Zhigang Tu,Nico Van der Aa,Coert Van Gemeren,Remco C. Veltkamp
Lifang Chen,Nico Van der Aa,Robby T. Tan,Remco C. Veltkamp
Manuela Ichim,Robby T. Tan,Nico Van der Aa,Remco C. Veltkamp
Andrew Spink,Ben Locke,Nico Van der Aa,Lucas P. J. J. Noldus
N. P. Van der Aa,Xinghan Luo,Geert-Jan Giezeman,Robby T. Tan,Remco C. Veltkamp
Laurence Kenney,Paul Taylor,Geraldine Mann,Gerrit Bultstra,Hendrik Buschman,Hermie J. Hermens,Per J. Slycke,John Hobby,N. van der Aa,Ben W. Heller,A. Barker,D. Howard,N. Sha
José Mennesson,Benjamin Allaert,Ioan Marius Bilasco,Nico van der Aa,Alexandre Denis,Samuel Cruz-Lara
Karina J. Kersbergen,Alexander Leemans,Floris Groenendaal,Niek E. van der Aa,Max A. Viergever,Linda S. de Vries,Manon J. N. L. Benders
Morris Riedel,Erwin Laure,Thomas Soddemann,Laurence Field,John-Paul Navarro,James Casey,Maarten Litmaath,Jean-Philippe Baud,Birger Koblitz,Charlie Catlett,Dane Skow,Cindy Zheng,Philip M. Papadopoulos,Mason J. Katz,Neha Sharma,Oxana Smirnova,Balázs Kónya,Peter W. Arzberger,Frank Würthwein,Abhishek Singh Rana,Terrence Martin,M. Wan,Von Welch,Tony Rimovsky,Steven Newhouse,Andrea Vanni,Yoshio Tanaka,Yusuke Tanimura,Tsutomu Ikegami,David Abramson,Colin Enticott,Graham Jenkins,Ruth Pordes,Steven Timm,Gidon Moont,Mona Aggarwal,D. Colling,Olivier van der Aa,Alex Sim,Vijaya Natarajan,Arie Shoshani,Junmin Gu,S. Chen,Gerson Galang,Riccardo Zappi,Luca Magnoni,Vincenzo Ciaschini,Michele Pace,Valerio Venturi,Moreno Marzolla,Paolo Andreetto,Robert Cowles,Shaowen Wang,Yuji Saeki,Hitoshi Sato,Satoshi Matsuoka,Putchong Uthayopas,Somsak Sriprayoonsakul,Oscar Koeroo,Matthew Viljoen,Laura Pearlman,Stephen Pickles,David Wallom,Glenn Moloney,Jerome Lauret,Jim Marsteller,Paul Sheldon,Surya Pathak,Shaun De Witt,Jirí Mencák,Jens Jensen,Matt Hodges,Derek Ross,Sugree Phatanapherom,Gilbert Netzer,Anders Rhod Gregersen,Mike Jones,S. Chen,Péter Kacsuk,Achim Streit,Daniel Mallmann,Felix Wolf,Thomas Lippert,Thierry Delaitre,Eduardo Huedo,Neil Geddes
David McBride,Marko Krznaric,Olivier van der Aa,Mona Aggarwal,John Darlington,Dave Colling
Tom Vander Aa,Imen Chakroun,Tom Haber
Estefania Serrano,Tom Vander Aa,Roel Wuyts,Francisco Javier García Blas,Jesús Carretero,Mónica Abella
Imen Chakroun,Tom Haber,Tom Vander Aa,Thomas Kovac
Namita Sharma,Preeti Ranjan Panda,Francky Catthoor,Praveen Raghavan,Tom Vander Aa
Imen Chakroun,Tom Vander Aa,Bruno De Fraine,Tom Haber,Roel Wuyts,Wolfgang De Meuter
Wim Meeus,Tom Vander Aa,Praveen Raghavan,Dirk Stroobandt
Florian Brandner
Namita Sharma,Tom Vander Aa,Prashant Agrawal,Praveen Raghavan,Preeti Ranjan Panda,Francky Catthoor
Martin Palkovic,Peter Debacker,Prabhat Avasare,Steven Dupont,Tom Vander Aa
Tom Vander Aa,Panagiotis Theocharis
Tomoya Suzuki,Hideki Yamada,Toshiyuki Yamagishi,Daisuke Takeda,Koji Horisaki,Tom Vander Aa,Toshio Fujisawa,Liesbet Van der Perre,Yasuo Unekawa
Tom Vander Aa,Martin Palkovic,Matthias Hartmann,Praveen Raghavan,Antoine Dejonghe,Liesbet Van der Perre
Prashant Agrawal,Robert Fasthuber,Praveen Raghavan,Tom Vander Aa,Ubaid Ahmad,Liesbet Van der Perre,Francky Catthoor
Matthias Hartmann,Vasileios (Vassilis) Pantazis,Tom Vander Aa,Mladen Berekovic,Christian Hochberger
Bjorn De Sutter,Osman Allam,Praveen Raghavan,Roeland Vandebriel,Hans Cappelle,Tom Vander Aa,Bingfeng Mei
Tom Vander Aa,Praveen Raghavan,Scott A. Mahlke,Bjorn De Sutter,Aviral Shrivastava,Frank Hannig
Oscar Gustafsson,Kiarash Amiri,Dennis Andersson,Anton Blad,Christian Bonnet,Joseph R. Cavallaro,Jeroen Declerck,Antoine Dejonghe,Patrik Eliardsson,Miguel Glassee,Aawatif Hayar,Lieven Hollevoet,Christopher Hunter,Madhura Joshi,Florian Kaltenberger,Raymond Knopp,Khanh Le,Zoran Miljanic,Patrick Murphy,Frederik Naessens,Navid Nikaein,Dominique Nussbaum,Renaud Pacalet,Praveen Raghavan,Ashutosh Sabharwal,Onkar Sarode,Predrag Spasojevic,Yang Sun,Hugo M. Tullberg,Tom Vander Aa,Liesbet Van der Perre,Michelle Wetterwald,Michael Wu
Jeroen Declerck,Praveen Raghavan,Frederik Naessens,Tom Vander Aa,Lieven Hollevoet,Antoine Dejonghe,Liesbet Van der Perre
Bingfeng Mei,Bjorn De Sutter,Tom Vander Aa,M. Wouters,Andreas Kanstein,Steven Dupont
Andres Garcia,Mladen Berekovic,Tom Vander Aa
Bjorn De Sutter,Paul Coene,Tom Vander Aa,Bingfeng Mei
Mladen Berekovic,Frank Bouwens,Tom Vander Aa,Diederik Verkest
Tom Vander Aa,Bingfeng Mei,Bjorn De Sutter
Matthias Hartmann,Vasileios (Vassilis) Pantazis,Tom Vander Aa,Mladen Berekovic,Christian Hochberger,Bjorn De Sutter
Bjorn De Sutter,Bingfeng Mei,Andrei Bartic,Tom Vander Aa,Mladen Berekovic,Jean-Yves Mignolet,Kris Croes,Paul Coene,Miro Cupac,Aïssa Couvreur,Andy Folens,Steven Dupont,Bert Van Thielen,Andreas Kanstein,Hong-Seok Kim,Sukjin Kim
Tom Vander Aa,Murali Jayapala,Henk Corporaal,Francky Catthoor,Geert Deconinck
Tom Vander Aa,Murali Jayapala,Francisco Barat,Geert Deconinck,Rudy Lauwereins,Henk Corporaal,Francky Catthoor
Murali Jayapala,Francisco Barat,Tom Vander Aa,Francky Catthoor,Henk Corporaal,Geert Deconinck
Andy Lambrechts,Praveen Raghavan,Anthony Leroy,Guillermo Talavera,Tom Vander Aa,Murali Jayapala,Francky Catthoor,Diederik Verkest,Geert Deconinck,Henk Corporaal,Frédéric Robert,Jordi Carrabina
Tom Vander Aa,Francky Catthoor,Henk Corporaal,Geert Deconinck
Tom Vander Aa,Murali Jayapala,Francisco Barat,Geert Deconinck,Rudy Lauwereins,Francky Catthoor,Henk Corporaal
Murali Jayapala,Tom Vander Aa,Francisco Barat,Francky Catthoor,Henk Corporaal,Geert Deconinck
Andy Lambrechts,Tom Vander Aa,Murali Jayapala,Guillermo Talavera,Anthony Leroy,Adelina Shickova,Francisco Barat,Bingfeng Mei,Francky Catthoor,Diederik Verkest,Geert Deconinck,Henk Corporaal,Frédéric Robert,Jordi Carrabina Bordoll
Murali Jayapala,Tom Vander Aa,Francisco Barat,Geert Deconinck,Francky Catthoor,Henk Corporaal
Francisco Barat,Murali Jayapala,Tom Vander Aa,Rudy Lauwereins,Geert Deconinck,Henk Corporaal
Emran Aljarrah,Hamzah Elrehail,Bashar Aababneh
Igor Sevo,Aleksej Avramovic,Ilangko Balasingham,Ole Jakob Elle,Jacob Bergsland,Lars Aabakken
Kamel Haddadi,Hassan El Aabbaoui,Christophe Loyez,David Glay,Nathalie Rolland,Tuami Lasri
Hassan El Aabbaoui,B. Gorisse,Nathalie Rolland,Aziz Benlarbi-Delaï,J.-F. Lampin,Paul-Alain Rolland,V. Allouche,N. Fel,B. Riondet,P. Leclerc
Morteza Aabdollah
Mohammed A. Aabed,Ghassan AlRegib
Mohammed A. Aabed,Ghassan Al-Regib
Ankur Saxena,Mohammed A. Aabed,Madhukar Budagavi
Mohammed A. Aabed,Ghassan Alregib
Dogancan Temel,Mohammed A. Aabed,Mashhour Solh,Ghassan AlRegib
Mohammed A. Aabed,Dogancan Temel,Mashhour Solh,Ghassan Al-Regib
Mohammed A. Aabed,Ashraf S. Hasan Mahmoud
Ashraf S. Mahmoud,Mohammed A. Aabed
Zeyad S. Aaber,Gary B. Wills,Richard M. Crowder
Zeyad S. Aaber,Richard M. Crowder,Victor I. Chang,Nawfal F. Fadhel,Gary B. Wills
Zeyad S. Aaber,Richard M. Crowder,Nawfal F. Fadhel,Gary B. Wills
Dag Johansen,Håvard D. Johansen,Tjalve Aarflot,Joseph Hurley,Åge Kvalnes,Cathal Gurrin,Sorin Sav,Bjørn Olstad,Erik Aaberg,Tore Endestad,Haakon Riiser,Carsten Griwodz,Pål Halvorsen
Erki Eessaar,Erko Aaberg
P. Venkat Rangan,Walter A. Burkhard,Robert W. Rowdidge,Harrick M. Vin,John W. Lindwall,Kashun Chan,Ingvar A. Aaberg,Linda M. Yamamoto,Ian G. Harris
Darren Aaberge,Ken Mockler,Dieu Van Dinh,Raoul Belleau,Tim Donovan,Reid Hewlitt
Rolf Aaberge,Magne Mogstad
Rolf Aaberge
Terje Aaberge,Rajendra Akerkar
Terje Aaberge,Rajendra Akerkar,Harold Boley
Terje Aaberge
Terje Aaberge,Øyvind Heimset Larsen,Svein Ølnes
Terje Aaberge,Ivar Petter Grøtte,Ingjerd Skogseid,Svein Ølnes
Pengyu Hao,Li Wang,Zheng Niu,Abdullah Aablikim,Ni Huang,Shiguang Xu,Fang Chen
V. Zadin,H. Kasemägi,V. Valdna,S. Vigonski,M. Veske,A. Aabloo
Morteza Daneshmand,Alvo Aabloo,Cagri Ozcinar,Gholamreza Anbarjafari
Simon Vigonski,Mihkel Veske,Alvo Aabloo,Flyura Djurabekova,Vahur Zadin
Deivid Pugal,Pavel Solín,K. J. Kim,Alvo Aabloo
Karl Kruusamäe,Andres Punning,Alvo Aabloo
Heilo Altin,Margus Pedaste,Alvo Aabloo
Maarja Kruusmaa,Andres Hunt,Andres Punning,Mart Anton,Alvo Aabloo
Mart Anton,Maarja Kruusmaa,Alvo Aabloo,Andres Punning
Anti Liivat,Alvo Aabloo,John O. Thomas
Madis Listak,Georg Martin,Deivid Pugal,Alvo Aabloo,Maarja Kruusmaa
Pertti Vakkari,Svanhild Aabø,Ragnar Audunson,Frank Huysmans,Nahyun Kwon,Marjolein Oomes,Sei-Ching Joanna Sin
Pertti Vakkari,Svanhild Aabø,Ragnar Andreas Audunson,Frank Huysmans,Marjolein Oomes
Ragnar Andreas Audunson,Svanhild Aabø
Ragnar Andreas Audunson,Andreas Vårheim,Erling Dokk-Holm,Svanhild Aabø
Svanhild Aabø
Svanhild Aabø,Ragnar Audunson
Andreas Aabrandt,Vagn Lundsgaard Hansen,Bjarne Poulsen,Chresten Traeholt
Andreas Aabrandt,Martin Aastrup Olsen,Christoph Busch
Andreas Aabrandt,Peter Bach Andersen,Anders Bro Pedersen,Shi You,Bjarne Poulsen,Niamh O'Connell,Jacob Østergaard
A. A. Aaby,K. T. Narayana
K. T. Narayana,A. A. Aaby
Kalyan S. Perumalla,Brandon G. Aaby,Srikanth B. Yoginath,Sudip K. Seal
Brandon G. Aaby,Kalyan S. Perumalla,Sudip K. Seal
Kalyan S. Perumalla,Brandon G. Aaby
Kay Aaby,Jeffrey W. Herrmann,Carol S. Jordan,Mark A. Treadwell,Kathy Wood
Ramon Ferrús,Oriol Sallent,Kirsten Aabye,Aladdin Rashed,Claudia Olivieri,Franco Pangallo,Debora Proietti Modi
Martin Steffen,Allegra Petti,John Aach,Patrik D'haeseleer,George M. Church
John Aach,George M. Church
Cosmin Adrian Morariu,Sebastian Gross,Josef Pauli,Til Aach
Matthias Mühlich,David Friedrich,Til Aach
Til Aach,Hartmut Führ
Sebastian Gross,Cosmin Adrian Morariu,Alexander Behrens,Jens J. W. Tischendorf,Til Aach
Peter Faltin,Kraisorn Chaisaowong,Thomas Kraus,Til Aach
Sebastian Gross,Monika Klein,Alexander Behrens,Til Aach
David Friedrich,Chen Jin,Yu Zhang,Chen Demin,Li Yuan,Leonid Berynskyy,Stefan Biesterfeld,Til Aach,Alfred Böcking
Julie Klein,Til Aach
Peter Faltin,Kraisorn Chaisaowong,Til Aach
Wei Li,Matthias Breier,Til Aach
Gerlind Herberich,Andreas Friedrich,Til Aach,Reinhard Windoffer,Rudolf E. Leube
Gerlind Herberich,Reinhard Windoffer,Rudolf E. Leube,Til Aach
Maria Sagrebin-Mitzel,Til Aach
Thomas Martin Deserno,Til Aach,Katrin Amunts,Walter Hillen,Torsten Kuhlen,Ingrid Scholl
Ingrid Scholl,Til Aach,Thomas Martin Deserno,Torsten Kuhlen
Alexander Behrens,Michael Bommes,Thomas Stehle,Sebastian Gross,Steffen Leonhardt,Til Aach
Alexander Behrens,Martin Guski,Thomas Stehle,Sebastian Gross,Til Aach
Johannes Brauers,Til Aach
André Salomon,Andreas Goedicke,Bernd Schweizer,Til Aach,Volkmar Schulz
Sebastian Gross,Stephan Palm,Alexander Behrens,Jens J. W. Tischendorf,Christian Trautwein,Til Aach
David Friedrich,André A. Bell,Kraisorn Chaisaowong,Till Braunschweig,Ruth Knüchel-Clarke,Til Aach
Alexander Behrens,Jonathan Grimm,Sebastian Gross,Til Aach
Julie Klein,Johannes Brauers,Til Aach
Alexander Behrens,Michael Bommes,Sebastian Gross,Til Aach
Alexander Behrens,Linus Atorf,Dorian Schneider,Til Aach
Thomas O'Donnell,Jens N. Kaftan,Andreas Schuh,Christian Tietjen,Grzegorz Soza,Til Aach
Qi Sun,Alexandra Groth,Ignacio Larrabide,Salvatore Cito,Martha L. Aguilar,Alejandro F. Frangi,Vitor Mendes Pereira,Rafik Ouared,Olivier Brina,Til Aach
André A. Bell,David Friedrich,Kraisorn Chaisaowong,Till Braunschweig,Ruth Knüchel-Clarke,Til Aach
Jonas Wulff,Thomas Lotz,Thomas Stehle,Til Aach,J. Geoffrey Chase
Tobias Schuchert,Til Aach,Hanno Scharr
Alexander Behrens,Linus Atorf,Robert Schwann,Bernd Neumann,Rainer Schnitzler,Johannes Ballé,Thomas Herold,Aulis Telle,Tobias G. Noll,Kay Hameyer,Til Aach
Henning Lategahn,Sebastian Gross,Thomas Stehle,Til Aach
Sebastian Gross,Martin Schink,Thomas Stehle,Alexander Behrens,Jens J. W. Tischendorf,Christian Trautwein,Til Aach
Thomas Dey,Herfried Wieczorek,Barbra Backus,L. Romijn,Rolf Bippus,J. Verzijlbergen,Til Aach
Thomas Stehle,Jonas Wulff,Alexander Behrens,Sebastian Gross,Til Aach
Johannes Brauers,Julie Klein,Bernhard Hill,Til Aach
Gerlind Herberich,Anca Maria Ivanescu,Ivonne Gamper,Antonio S. Sechi,Til Aach
Johannes Brauers,Claude Seiler,Til Aach
Gamal Fahmy,Til Aach
Yukihiro Bandoh,Guoping Qiu,Masahiro Okuda,Scott J. Daly,Til Aach,Oscar C. Au
Jens N. Kaftan,André A. Bell,Til Aach
Qi Sun,Alexandra Groth,Matthias Bertram,Irina Wächter,Tom Bruijns,Roel Hermans,Vitor Mendes Pereira,Olivier Brina,Til Aach
André A. Bell,Johannes Brauers,Jens N. Kaftan,Dietrich Meyer-Ebrecht,Alfred Böcking,Til Aach
Alexandru Paul Condurache,Tobias Hahn,Michael Scharfschwerdt,Alfred Mertins,Til Aach
Matthias Mühlich,Til Aach
Matthias Bertram,Jens Wiegert,Dirk Schäfer,Til Aach,Georg Rose
Thomas Stehle,Michael Hennes,Sebastian Gross,Alexander Behrens,Jonas Wulff,Til Aach
Sebastian Gross,Manuel Kennel,Thomas Stehle,Jonas Wulff,Jens J. W. Tischendorf,Christian Trautwein,Til Aach
Christian Kier,Günter Seidel,Norbert Brüggemann,Johann Hagenah,Christine Klein,Til Aach,Alfred Mertins
Alexandru Condurache,Alfred Mertins,Til Aach
Jens N. Kaftan,André A. Bell,Claude Seiler,Til Aach
Thomas Würflinger,Antonio S. Sechi,Til Aach
Qi Sun,Alexandra Groth,Irina Wächter,Olivier Brina,Jürgen Weese,Til Aach
Johannes Brauers,Nils Schulte,Til Aach
Jens N. Kaftan,Annemarie Bakai,Florian Maier,Til Aach
Johannes Brauers,Stephan Helling,Til Aach
Johannes Brauers,Nils Schulte,André A. Bell,Til Aach
Matthias Mühlich,Daniel Truhn,Kerstin Nagel,Achim Walter,Hanno Scharr,Til Aach
André A. Bell,Claude Seiler,Jens N. Kaftan,Til Aach
Thomas Stehle,Alexander Behrens,Til Aach
Jens N. Kaftan,Annemarie Bakai,Marco Das,Til Aach
Jerome Durant,Irina Wächter,Roel Hermans,Jürgen Weese,Til Aach
Til Aach
Timna E. Schneider,André A. Bell,Gerlind Herberich,Dietrich Meyer-Ebrecht,Alfred Böcking,Til Aach
Nicolaj C. Stache,Henrik Zimmer,Jens Gedicke,Alexander Olowinsky,Til Aach
Matthias Mühlich,Thorsten Dahmen,Til Aach
André A. Bell,Gerlind Herberich,Dietrich Meyer-Ebrecht,Alfred Böcking,Til Aach
Katrin Meisinger,Til Aach,André Kaup
Thomas Stehle,Daniel Truhn,Til Aach,Christian Trautwein,Jens J. W. Tischendorf
Til Aach,Cicero Mota,Ingo Stuke,Matthias Mühlich,Erhardt Barth
Patrick Jäger,Stefan Vogel,Achim Knepper,Thomas Kraus,Til Aach
Tobias Hahn,Alexandru Condurache,Til Aach,Michael Scharfschwerdt,Martin Misfeld
Christian Kier,Karsten Meyer-Wiethe,Günter Seidel,Til Aach
Jan Hendrik Moltz,Ingo Stuke,Til Aach
Nicolaj C. Stache,Thomas Stehle,Matthias Mühlich,Til Aach
André A. Bell,Jens N. Kaftan,Til Aach,Dietrich Meyer-Ebrecht,Alfred Böcking
Christian Kier,Til Aach
Alexandru Condurache,Til Aach
Cicero Mota,Ingo Stuke,Til Aach,Erhardt Barth
Alexandru Condurache,Til Aach,Kai Eck,Jörg Bredno,Stephan Grzybowski,Hans-Günther Machens
Alexandru Condurache,Til Aach,Stephan Grzybowski,Hans-Günther Machens
Alexandru Condurache,Til Aach,Kai Eck,Jörg Bredno
Til Aach,Alexandru Paul Condurache,Kai Eck,Jörg Bredno
Til Aach,Ingo Stuke,Cicero Mota,Erhardt Barth
Cicero Mota,Til Aach,Ingo Stuke,Erhardt Barth
Daniel Toth,Ingo Stuke,Andreas Wagner,Til Aach
Matthias Bertram,Georg Rose,Dirk Schäfer,Jens Wiegert,Til Aach
Barbara Martin-Leung,Kai Eck,Ingo Stuke,Jörg Bredno,Til Aach
Ingo Stuke,Til Aach,Cicero Mota,Erhardt Barth
Daniel Toth,Til Aach
Ingo Stuke,Til Aach,Erhardt Barth,Cicero Mota
Christian Thies,Volker Metzler,Thomas Martin Lehmann,Til Aach
Daniel Toth,Alexandru Condurache,Til Aach
Volker Metzler,Til Aach,Christian Thies
Maren Pakura,Oliver Schmitt,Til Aach
Volker Metzler,Günter Seidel,Daniel Toth,Lars Claassen,Til Aach
Rudolf Mester,Til Aach,Lutz Dümbgen
Til Aach,Lutz Dümbgen,Rudolf Mester,Daniel Toth
Til Aach,Gert Hauske
Til Aach,Dietmar Kunz
Claudia Mayntz,Jan-Michael Frahm,Til Aach,Georg Schmitz
Daniel Toth,Til Aach,Volker Metzler
Volker Metzler,Til Aach,Christoph Palm,Thomas Martin Lehmann
Til Aach,Ulrich Schiebel,Gerhard Spekowius
Sabine Dippel,Martin Stahl,Til Aach,Thorsten M. Buzug,Rafael Wiemker,Ulrich Neitzel,Edward Müller,Jean P. Haas
Claudia Mayntz,Til Aach
Dietmar Kunz,Til Aach
Claudia Mayntz,Til Aach,Dietmar Kunz
André Kaup,Til Aach
Til Aach,Dietmar Kunz,Raoul Florent,Shérif Makram-Ebeid
Til Aach,André Kaup,Rudolf Mester
Til Aach,André Kaup

Roland Sottek,Klaus Illgner,Til Aach
Rudolf Mester,Uwe Franke,Til Aach
Peter Edward Aackermann,Peter Juhler Dinesen Pedersen,Allan Peter Engsig-Karup,Thomas Clausen,Jesper Grooss
Imad Aad,Torsten Braun,Dima Mansour
Arnaud Durand,Mikael Gasparian,Thomas Rouvinez,Imad Aad,Torsten Braun,Tuan Anh Trinh
Igor Bilogrevic,Murtuza Jadliwala,Vishal Joneja,Kübra Kalkan,Jean-Pierre Hubaux,Imad Aad
Juha K. Laurila,Daniel Gatica-Perez,Imad Aad,Jan Blom,Olivier Bornet,Trinh Minh Tri Do,Olivier Dousse,Julien Eberle,Markus Miettinen
Qing Wei,Imad Aad,Luca Scalia,Jörg Widmer,Philipp Hofmann,Luis Loyola
Debmalya Biswas,Imad Aad,Gian Paolo Perrucci
Laurent Bindschaedler,Murtuza Jadliwala,Igor Bilogrevic,Imad Aad,Philip Ginzboorg,Valtteri Niemi,Jean-Pierre Hubaux
Igor Bilogrevic,Murtuza Jadliwala,István Lám,Imad Aad,Philip Ginzboorg,Valtteri Niemi,Laurent Bindschaedler,Jean-Pierre Hubaux
Igor Bilogrevic,Murtuza Jadliwala,Praveen Kumar,Sudeep Singh Walia,Jean-Pierre Hubaux,Imad Aad,Valtteri Niemi
Igor Bilogrevic,Murtuza Jadliwala,Jean-Pierre Hubaux,Imad Aad,Valtteri Niemi
Emiliano De Cristofaro,Anthony Durussel,Imad Aad
Igor Bilogrevic,Murtuza Jadliwala,Kübra Kalkan,Jean-Pierre Hubaux,Imad Aad
Murtuza Jadliwala,Julien Freudiger,Imad Aad,Jean-Pierre Hubaux,Valtteri Niemi
Luca Scalia,Joerg Widmer,Imad Aad
Hermann S. Lichte,Stefan Valentin,Holger von Malm,Holger Karl,Akram Bin Sediq,Imad Aad
Hermann Simon Lichte,Stefan Valentin,Holger Karl,Imad Aad,Jörg Widmer
Christopher Soghoian,Imad Aad
Imad Aad,Jean-Pierre Hubaux,Edward W. Knightly
Hermann S. Lichte,Stefan Valentin,Holger Karl,Imad Aad,Luis Loyola,Jörg Widmer
Stefan Valentin,Hermann S. Lichte,Holger Karl,Imad Aad,Luis Loyola,Jörg Widmer
Luis Loyola,Hermann S. Lichte,Imad Aad,Jörg Widmer,Stefan Valentin
Maxim Raya,Panagiotis Papadimitratos,Imad Aad,Daniel Jungels,Jean-Pierre Hubaux
Imad Aad,Philipp Hofmann,Luis Loyola,Farhan Riaz,Jörg Widmer
Maxim Raya,Imad Aad,Jean-Pierre Hubaux,Alaeddine El Fawal
Robert Vilzmann,Jörg Widmer,Imad Aad,Christian Hartmann
Imad Aad,Claude Castelluccia,Jean-Pierre Hubaux
Imad Aad,Qiang Ni,Chadi Barakat,Thierry Turletti
Mario Cagalj,Saurabh Ganeriwal,Imad Aad,Jean-Pierre Hubaux
Maxim Raya,Jean-Pierre Hubaux,Imad Aad
Imad Aad,Claude Castelluccia
Qiang Ni,Imad Aad,Chadi Barakat,Thierry Turletti
Wissam Fawaz,Zahi Nakad,Maroun Aad
Mikkel B. Schneller,Mogens T. Pedersen,Nidhi Gupta,Mette Aadahl,Andreas Holtermann
Asgeir S. Jakola,Arve Jørgensen,Tormod Selbekk,Ralf-Peter Michler,Ole Solheim,Sverre H. Torp,Lisa M. Sagberg,Petter Aadahl,Geirmund Unsgård
Hiie Hinrikus,Anna Suhhova,Maie Bachmann,Kaire Aadamsoo,Ülle Võhma,Jaanus Lass,Viiu Tuulik
Mira Kajko-Mattsson,Lars-Olov Tjerngren,Par Aadersson
R. Aadhirai,P. J. Sathish Kumar,S. Vishnupriya
Bouchra Aadil,Abderrahim Ait Wakrime,Larbi Kzaz,Abderrahim Sekkaki
Farhan Aadil,Salabat Khan,Khalid Bashir Bajwa,Muhammad Fahad Khan,Asad Ali
Bilal Haider,Shagufta Henna,Ambreen Gul,Farhan Aadil
Farhan Aadil,Zeshan Iqbal,Adeel Akram
Tomasz Pawel Michalak,Karthik V. Aadithya,Piotr L. Szczepanski,Balaraman Ravindran,Nicholas R. Jennings
Tomasz P. Michalak,Karthik V. Aadithya,Piotr L. Szczepanski,Balaraman Ravindran,Nicholas R. Jennings
Karthik V. Aadithya,Alper Demir,Sriramkumar Venugopalan,Jaijeet S. Roychowdhury
Karthik V. Aadithya,Jaijeet S. Roychowdhury
Karthik V. Aadithya,Yingyan Lin,Chenjie Gu,Aolin Xu,Jaijeet S. Roychowdhury,Naresh R. Shanbhag
Karthik V. Aadithya,Tomasz P. Michalak,Nicholas R. Jennings
Karthik V. Aadithya,Sriramkumar Venugopalan,Alper Demir,Jaijeet S. Roychowdhury
Karthik V. Aadithya,Balaraman Ravindran
Karthik V. Aadithya,Balaraman Ravindran,Tomasz P. Michalak,Nicholas R. Jennings
Matt Aadland,Christopher Farah,Kevin Magee
Harold N. Scholz,Duane R. Aadsen,Yervant Zorian
Rasmus Prentow,Rasmus Steiniche,Simone D. Johansen,Jeni Paay,Ivan Aaen,Jesper Kjeldskov
Ivan Aaen,Nikolai Gjerløff
Ivan Aaen,Rikke Hagensby Jensen
Ivan Aaen
John Stouby Persson,Lars Mathiassen,Ivan Aaen
John Stouby Persson,Ivan Aaen,Lars Mathiassen
Ivan Aaen,Jeppe Vestergaard Boelsmand,Rasmus Jensen,Morten Saxov
Ivan Aaen,Anna Börjesson,Lars Mathiassen
Jens Henrik Hosbond,Peter Axel Nielsen,Ivan Aaen
Lars Mathiassen,Ojelanki K. Ngwenyama,Ivan Aaen
Ivan Aaen,Jan Pries-Heje
Ivan Aaen,Jesper Arent,Lars Mathiassen,Ojelanki K. Ngwenyama
Ivan Aaen,Peter Bttcher,Lars Mathiassen
Ivan Aaen,Aila Siltanen,Carsten Sørensen,Veil-Pekka Tahvanainen
Ivan Aaen,Carsten Sørensen
John Wood,Peter H. Aaen
Craig Aaen-Stockdale
K. C. Santosh,Aafaque Aafaque,Sameer K. Antani,George R. Thoma
Xiao Zhang,Yousra Aafer,Kailiang Ying,Wenliang Du
Xiao Zhang,Kailiang Ying,Yousra Aafer,Zhenshen Qiu,Wenliang Du
Yousra Aafer,Xiao Zhang,Wenliang Du
Yousra Aafer,Nan Zhang,Zhongwen Zhang,Xiao Zhang,Kai Chen,XiaoFeng Wang,Xiao-yong Zhou,Wenliang Du,Michael Grace
Paul Ratazzi,Yousra Aafer,Amit Ahlawat,Hao Hao,Yifei Wang,Wenliang Du
Yousra Aafer,Wenliang Du,Heng Yin
